algorithm,cluster_count,noise_count,noise_share,coverage,silhouette_score,calinski_harabasz_score,davies_bouldin_score,minimum_cluster_size,maximum_cluster_share,eligible,n_clusters,linkage,metric,eps,min_samples,inertia
K-Means,2,0,0.0,1.0,0.36158290627924067,2515.5232682318106,1.3591262579881502,1251.0,0.8225531914893617,True,2.0,,euclidean,,,70782.58474080544
K-Means,3,0,0.0,1.0,0.13543226660177954,1756.0379855564483,2.0732799933815307,1198.0,0.48113475177304965,True,3.0,,euclidean,,,64099.86555900886
K-Means,4,0,0.0,1.0,0.14881941223591263,1478.2976901425357,1.9705004063033087,361.0,0.4693617021276596,True,4.0,,euclidean,,,58944.78768987767
K-Means,5,0,0.0,1.0,0.13799851739981067,1345.211514330888,1.9021167632046858,328.0,0.32056737588652484,True,5.0,,euclidean,,,54454.47953675922
K-Means,6,0,0.0,1.0,0.14459191098350954,1246.4506409550747,1.8087690349758727,290.0,0.2692198581560284,True,6.0,,euclidean,,,50959.34162843977
K-Means,7,0,0.0,1.0,0.14517071673673912,1164.2938000775407,1.755785577438661,289.0,0.1950354609929078,True,7.0,,euclidean,,,48218.86261456421
K-Means,8,0,0.0,1.0,0.1503617815297792,1093.91449592993,1.647462116997266,112.0,0.19120567375886524,True,8.0,,euclidean,,,46012.47505360691
K-Means,9,0,0.0,1.0,0.15464973285357045,1042.1152650259598,1.6312213367363662,110.0,0.16553191489361702,True,9.0,,euclidean,,,43976.26109844318
K-Means,10,0,0.0,1.0,0.15399457193387883,987.9511730823214,1.6718731358282262,110.0,0.16283687943262412,True,10.0,,euclidean,,,42441.70099926509
K-Means,11,0,0.0,1.0,0.15438309433448796,947.4211462035172,1.6972387282962387,108.0,0.16283687943262412,True,11.0,,euclidean,,,40940.94509622007
K-Means,12,0,0.0,1.0,0.1510456894166839,903.6365724118375,1.7034191259990699,105.0,0.12028368794326241,True,12.0,,euclidean,,,39814.502650129056
K-Means,13,0,0.0,1.0,0.14379584612430982,860.7719125472948,1.7431271999468771,112.0,0.1123404255319149,True,13.0,,euclidean,,,38918.81598969031
K-Means,14,0,0.0,1.0,0.14892595820163587,837.799002512751,1.7025390919070227,89.0,0.10085106382978723,True,14.0,,euclidean,,,37695.30635761357
K-Means,15,0,0.0,1.0,0.13981736179920287,804.9224594799742,1.7124755958915223,89.0,0.1075177304964539,True,15.0,,euclidean,,,36914.6339192966
Agglomerative Clustering,2,0,0.0,1.0,0.3643502685742159,2346.167398439077,1.3416387553469353,1137.0,0.8387234042553191,True,2.0,ward,euclidean,,,
Agglomerative Clustering,2,0,0.0,1.0,0.5143146402870579,753.159490221325,0.9689272408402066,139.0,0.9802836879432624,False,2.0,complete,euclidean,,,
Agglomerative Clustering,2,0,0.0,1.0,0.4116261678652216,753.7738911776567,1.5390903559191036,326.0,0.953758865248227,False,2.0,complete,manhattan,,,
Agglomerative Clustering,2,0,0.0,1.0,0.5293816707537721,602.0664512072989,0.7468715295630013,89.0,0.9873758865248227,False,2.0,average,euclidean,,,
Agglomerative Clustering,2,0,0.0,1.0,0.6268809378438568,65.39950274022443,0.6988283419930824,7.0,0.9990070921985815,False,2.0,average,manhattan,,,
Agglomerative Clustering,2,0,0.0,1.0,0.2739622556251243,2041.0905693125646,1.7244176975988648,1928.0,0.7265248226950355,True,2.0,average,cosine,,,
Agglomerative Clustering,3,0,0.0,1.0,0.12445382926308286,1588.4311196502015,2.1783682410329543,1137.0,0.5506382978723404,True,3.0,ward,euclidean,,,
Agglomerative Clustering,3,0,0.0,1.0,0.49289029310499566,424.6939263529864,0.9693565617822323,19.0,0.9802836879432624,False,3.0,complete,euclidean,,,
Agglomerative Clustering,3,0,0.0,1.0,0.3487357003893279,497.6386666572076,1.5056488322073605,85.0,0.953758865248227,False,3.0,complete,manhattan,,,
Agglomerative Clustering,3,0,0.0,1.0,0.48322142569770754,362.36065139924324,1.0607809065310647,26.0,0.9836879432624114,False,3.0,average,euclidean,,,
Agglomerative Clustering,3,0,0.0,1.0,0.4674081898032508,76.84676919490616,0.9129886177722115,7.0,0.9963120567375886,False,3.0,average,manhattan,,,
Agglomerative Clustering,3,0,0.0,1.0,0.26370612915016706,1183.5040329635906,1.5754966632353684,115.0,0.7265248226950355,True,3.0,average,cosine,,,
Agglomerative Clustering,4,0,0.0,1.0,0.12182241372059605,1300.3223534818048,2.1529911554010557,416.0,0.5506382978723404,True,4.0,ward,euclidean,,,
Agglomerative Clustering,4,0,0.0,1.0,0.4579544543761524,313.73378914719933,0.9033427309931603,14.0,0.9782978723404255,False,4.0,complete,euclidean,,,
Agglomerative Clustering,4,0,0.0,1.0,0.3473829567021143,361.5655337845501,1.325077117533358,22.0,0.953758865248227,False,4.0,complete,manhattan,,,
Agglomerative Clustering,4,0,0.0,1.0,0.4619097524925518,245.26991793323177,0.996561460695889,3.0,0.9836879432624114,False,4.0,average,euclidean,,,
Agglomerative Clustering,4,0,0.0,1.0,0.4023153218093602,94.96751240544428,0.9394671420875105,7.0,0.9910638297872341,False,4.0,average,manhattan,,,
Agglomerative Clustering,4,0,0.0,1.0,0.10759889998412063,1036.1126942882786,2.045134330874103,115.0,0.3872340425531915,True,4.0,average,cosine,,,
Agglomerative Clustering,5,0,0.0,1.0,0.13268662581667956,1182.5278883135782,2.0670975392812942,416.0,0.41829787234042554,True,5.0,ward,euclidean,,,
Agglomerative Clustering,5,0,0.0,1.0,0.4495691867699274,249.0193705848078,1.1291264237038434,14.0,0.9782978723404255,False,5.0,complete,euclidean,,,
Agglomerative Clustering,5,0,0.0,1.0,0.2505766852779021,321.5900717109414,1.3308896131319359,22.0,0.953758865248227,False,5.0,complete,manhattan,,,
Agglomerative Clustering,5,0,0.0,1.0,0.39829674362240336,220.90210854859984,0.9828617441068159,3.0,0.9787234042553191,False,5.0,average,euclidean,,,
Agglomerative Clustering,5,0,0.0,1.0,0.402890313962589,302.3806683157938,1.0587115455839065,7.0,0.9682269503546099,False,5.0,average,manhattan,,,
Agglomerative Clustering,5,0,0.0,1.0,0.06715336500493446,823.4787612155747,2.0635781844636254,108.0,0.3872340425531915,True,5.0,average,cosine,,,
Agglomerative Clustering,6,0,0.0,1.0,0.1053981404271735,1074.509577535264,2.0494393166370712,416.0,0.28808510638297874,True,6.0,ward,euclidean,,,
Agglomerative Clustering,6,0,0.0,1.0,0.29029489353046306,535.540881173967,1.2814293411042086,14.0,0.8526241134751773,False,6.0,complete,euclidean,,,
Agglomerative Clustering,6,0,0.0,1.0,0.1543467119193519,332.8545698919202,1.4978805167400309,22.0,0.8998581560283688,False,6.0,complete,manhattan,,,
Agglomerative Clustering,6,0,0.0,1.0,0.39562061353693917,179.1955298868383,1.0156520183125444,3.0,0.9787234042553191,False,6.0,average,euclidean,,,
Agglomerative Clustering,6,0,0.0,1.0,0.40215158786280664,243.54191450267692,0.9541866054266213,3.0,0.9682269503546099,False,6.0,average,manhattan,,,
Agglomerative Clustering,6,0,0.0,1.0,0.044775417475629326,713.382101481973,2.052902806232456,108.0,0.3872340425531915,True,6.0,average,cosine,,,
Agglomerative Clustering,7,0,0.0,1.0,0.11087647937251902,981.6548263992818,1.9023303048467377,126.0,0.28808510638297874,True,7.0,ward,euclidean,,,
Agglomerative Clustering,7,0,0.0,1.0,0.2920893927598312,575.1167940191135,1.5932884889731906,14.0,0.8133333333333334,False,7.0,complete,euclidean,,,
Agglomerative Clustering,7,0,0.0,1.0,0.1521126058216707,281.40235970922606,1.6362944286233094,22.0,0.8998581560283688,False,7.0,complete,manhattan,,,
Agglomerative Clustering,7,0,0.0,1.0,0.37701259881832205,151.60363873462424,1.0506418537059317,3.0,0.9787234042553191,False,7.0,average,euclidean,,,
Agglomerative Clustering,7,0,0.0,1.0,0.3761648921275097,207.29138302371945,1.0513662023177306,3.0,0.9682269503546099,False,7.0,average,manhattan,,,
Agglomerative Clustering,7,0,0.0,1.0,0.048221355052247075,630.9076555975181,1.9580211803761745,41.0,0.3872340425531915,False,7.0,average,cosine,,,
Agglomerative Clustering,8,0,0.0,1.0,0.11572288133266534,916.758673169347,1.9873819796120786,126.0,0.24085106382978724,True,8.0,ward,euclidean,,,
Agglomerative Clustering,8,0,0.0,1.0,0.2914965362255821,500.15219869036923,1.4867007323554433,14.0,0.8133333333333334,False,8.0,complete,euclidean,,,
Agglomerative Clustering,8,0,0.0,1.0,0.16864231905233715,341.5906042181937,1.659434752319032,22.0,0.8719148936170212,False,8.0,complete,manhattan,,,
Agglomerative Clustering,8,0,0.0,1.0,0.32577192760835694,482.9690426409931,1.1011188001559844,3.0,0.82,False,8.0,average,euclidean,,,
Agglomerative Clustering,8,0,0.0,1.0,0.3566152308390203,179.1470264132246,1.0547028121896163,3.0,0.9682269503546099,False,8.0,average,manhattan,,,
Agglomerative Clustering,8,0,0.0,1.0,0.058368583294333816,594.565551371054,1.8393280376871357,41.0,0.3872340425531915,False,8.0,average,cosine,,,
Agglomerative Clustering,9,0,0.0,1.0,0.10718370744879055,866.3998512538343,1.9693442856846284,126.0,0.19120567375886524,True,9.0,ward,euclidean,,,
Agglomerative Clustering,9,0,0.0,1.0,0.29135558479558654,440.3562697701021,1.398454400659587,3.0,0.8133333333333334,False,9.0,complete,euclidean,,,
Agglomerative Clustering,9,0,0.0,1.0,0.16879127393203633,301.22933315162817,1.6461522902947086,8.0,0.8719148936170212,False,9.0,complete,manhattan,,,
Agglomerative Clustering,9,0,0.0,1.0,0.32577192760835694,424.308704638301,1.1378517990520995,3.0,0.82,False,9.0,average,euclidean,,,
Agglomerative Clustering,9,0,0.0,1.0,0.35616880690021596,157.02639974040198,0.9946752590573111,2.0,0.9682269503546099,False,9.0,average,manhattan,,,
Agglomerative Clustering,9,0,0.0,1.0,0.07722556184637908,600.0699971329998,1.853347110941581,41.0,0.23602836879432623,False,9.0,average,cosine,,,
Agglomerative Clustering,10,0,0.0,1.0,0.1107420158228197,827.8710395896414,1.9536047495115274,114.0,0.19120567375886524,True,10.0,ward,euclidean,,,
Agglomerative Clustering,10,0,0.0,1.0,0.29085875633907265,393.27279155280326,1.3881382315723594,3.0,0.8133333333333334,False,10.0,complete,euclidean,,,
Agglomerative Clustering,10,0,0.0,1.0,0.15388717738615412,271.82104135198256,1.6166938143447573,8.0,0.8719148936170212,False,10.0,complete,manhattan,,,
Agglomerative Clustering,10,0,0.0,1.0,0.30744908809203886,401.242193173831,1.1977950497701628,3.0,0.82,False,10.0,average,euclidean,,,
Agglomerative Clustering,10,0,0.0,1.0,0.34906874946942174,139.95139972849887,1.142030001900684,2.0,0.9682269503546099,False,10.0,average,manhattan,,,
Agglomerative Clustering,10,0,0.0,1.0,0.06312173813887272,541.5166745352441,1.851110900518967,41.0,0.23602836879432623,False,10.0,average,cosine,,,
Agglomerative Clustering,11,0,0.0,1.0,0.11235581369988232,796.1128658358762,1.9152521507049023,114.0,0.1774468085106383,True,11.0,ward,euclidean,,,
Agglomerative Clustering,11,0,0.0,1.0,0.2558975848749547,392.9583761604658,1.4059504225507122,3.0,0.8133333333333334,False,11.0,complete,euclidean,,,
Agglomerative Clustering,11,0,0.0,1.0,0.20511940076580498,426.62955183362106,1.5934232412512896,8.0,0.7838297872340425,False,11.0,complete,manhattan,,,
Agglomerative Clustering,11,0,0.0,1.0,0.30744908809203886,361.7863444684561,1.1891866127535962,2.0,0.82,False,11.0,average,euclidean,,,
Agglomerative Clustering,11,0,0.0,1.0,0.3179833149926618,347.4926833965578,1.1941166819352218,2.0,0.8367375886524823,False,11.0,average,manhattan,,,
Agglomerative Clustering,11,0,0.0,1.0,0.08880341469878704,623.2872053295232,1.8773477703252326,41.0,0.2127659574468085,False,11.0,average,cosine,,,
Agglomerative Clustering,12,0,0.0,1.0,0.10984795681944745,761.6920961635035,1.9136927523716751,114.0,0.1774468085106383,True,12.0,ward,euclidean,,,
Agglomerative Clustering,12,0,0.0,1.0,0.2556926409512032,358.5605583292917,1.3901152184612464,3.0,0.8133333333333334,False,12.0,complete,euclidean,,,
Agglomerative Clustering,12,0,0.0,1.0,0.18587610729255374,398.16856944884574,1.567337504675742,8.0,0.7838297872340425,False,12.0,complete,manhattan,,,
Agglomerative Clustering,12,0,0.0,1.0,0.24385511263847787,352.04897987078294,1.1937199701681929,2.0,0.82,False,12.0,average,euclidean,,,
Agglomerative Clustering,12,0,0.0,1.0,0.3176768016898567,316.3524910021176,0.9815868970319922,1.0,0.8367375886524823,False,12.0,average,manhattan,,,
Agglomerative Clustering,12,0,0.0,1.0,0.07973580377494652,584.0447330848441,1.8586005905622915,41.0,0.2127659574468085,False,12.0,average,cosine,,,
Agglomerative Clustering,13,0,0.0,1.0,0.10119186839525084,726.9071175903899,1.8913585904003019,114.0,0.1774468085106383,True,13.0,ward,euclidean,,,
Agglomerative Clustering,13,0,0.0,1.0,0.2064402236148893,349.4930432106596,1.4234370833428307,3.0,0.8133333333333334,False,13.0,complete,euclidean,,,
Agglomerative Clustering,13,0,0.0,1.0,0.18336055347000924,366.09732026598556,1.567863279604238,4.0,0.7838297872340425,False,13.0,complete,manhattan,,,
Agglomerative Clustering,13,0,0.0,1.0,0.2435445344167355,322.96692267122654,1.121032253323481,1.0,0.82,False,13.0,average,euclidean,,,
Agglomerative Clustering,13,0,0.0,1.0,0.3024254780827198,303.4645611952865,1.0417563277248858,1.0,0.8367375886524823,False,13.0,average,manhattan,,,
Agglomerative Clustering,13,0,0.0,1.0,0.08148227974917736,577.2145150674659,1.8358286226619336,41.0,0.1819858156028369,False,13.0,average,cosine,,,
Agglomerative Clustering,14,0,0.0,1.0,0.09510202248114095,697.7989623522885,1.938554700355906,114.0,0.11446808510638298,True,14.0,ward,euclidean,,,
Agglomerative Clustering,14,0,0.0,1.0,0.12545250923105547,375.52004450463596,1.5354736664179998,3.0,0.7129078014184397,False,14.0,complete,euclidean,,,
Agglomerative Clustering,14,0,0.0,1.0,0.06835400074513816,375.6555457456272,1.7975444266819973,4.0,0.6506382978723404,False,14.0,complete,manhattan,,,
Agglomerative Clustering,14,0,0.0,1.0,0.24240139317899093,298.6921134965228,1.0854560684275392,1.0,0.82,False,14.0,average,euclidean,,,
Agglomerative Clustering,14,0,0.0,1.0,0.30043097483009285,284.87978031014984,1.0805957385098954,1.0,0.8367375886524823,False,14.0,average,manhattan,,,
Agglomerative Clustering,14,0,0.0,1.0,0.09262201950578489,572.6507934897198,1.866484399288858,41.0,0.17446808510638298,False,14.0,average,cosine,,,
Agglomerative Clustering,15,0,0.0,1.0,0.09009314724627256,671.6992247317725,1.8782803772920527,114.0,0.11446808510638298,True,15.0,ward,euclidean,,,
Agglomerative Clustering,15,0,0.0,1.0,0.1245322109264552,369.2607663868818,1.5716816279845056,3.0,0.7129078014184397,False,15.0,complete,euclidean,,,
Agglomerative Clustering,15,0,0.0,1.0,0.06633023667426143,352.1462551618678,1.9260449812738603,4.0,0.6506382978723404,False,15.0,complete,manhattan,,,
Agglomerative Clustering,15,0,0.0,1.0,0.24182700114116293,277.5891126346951,1.049544073821322,1.0,0.82,False,15.0,average,euclidean,,,
Agglomerative Clustering,15,0,0.0,1.0,0.21058932744766054,267.1914134891449,1.1687546246238916,1.0,0.8340425531914893,False,15.0,average,manhattan,,,
Agglomerative Clustering,15,0,0.0,1.0,0.09351268427109752,545.4816093901458,1.907324945637744,41.0,0.17446808510638298,False,15.0,average,cosine,,,
DBSCAN,17,1008,0.14297872340425533,0.8570212765957447,-0.05053771877035867,20.488140102650185,0.9119225703559958,2.0,0.9864283349884144,False,,,euclidean,1.420045359885443,5.0,
DBSCAN,20,753,0.10680851063829787,0.8931914893617021,0.12094622919834412,35.30928725094426,0.988162009415438,3.0,0.9744322693346038,False,,,euclidean,1.5655496204725514,5.0,
DBSCAN,15,467,0.06624113475177305,0.9337588652482269,0.21392909328957752,62.459947815584364,1.1659648749762235,4.0,0.9656691478049522,False,,,euclidean,1.7876320319844399,5.0,
DBSCAN,4,195,0.027659574468085105,0.9723404255319149,0.44893233824812884,37.41180372471171,0.7409186332407391,4.0,0.9963530269876003,False,,,euclidean,2.1745951789699194,5.0,
DBSCAN,1,109,0.015460992907801419,0.9845390070921985,,,,,,False,,,euclidean,2.471297999617353,5.0,
DBSCAN,2,44,0.00624113475177305,0.993758865248227,0.48692923537388433,16.78558644639639,0.7963439626462598,5.0,0.9992863260062803,False,,,euclidean,3.0000832172424836,5.0,
DBSCAN,1,949,0.1346099290780142,0.8653900709219858,,,,,,False,,,euclidean,1.6356459387402253,10.0,
DBSCAN,5,752,0.10666666666666667,0.8933333333333333,0.2663297900590576,43.38153656061094,1.115672939440738,10.0,0.9914258494760241,False,,,euclidean,1.829801685187966,10.0,
DBSCAN,7,378,0.05361702127659575,0.9463829787234043,0.1447603266277833,60.39860915089205,1.0368161830908353,7.0,0.9895083932853717,False,,,euclidean,2.1200326057760335,10.0,
DBSCAN,1,150,0.02127659574468085,0.9787234042553191,,,,,,False,,,euclidean,2.543930895184248,10.0,
DBSCAN,1,80,0.011347517730496455,0.9886524822695035,,,,,,False,,,euclidean,2.8223998999286373,10.0,
DBSCAN,1,31,0.0043971631205673755,0.9956028368794326,,,,,,False,,,euclidean,3.4603277864445157,10.0,
DBSCAN,1,843,0.11957446808510638,0.8804255319148936,,,,,,False,,,euclidean,1.8951994220889827,20.0,
DBSCAN,1,708,0.10042553191489362,0.8995744680851064,,,,,,False,,,euclidean,2.0874505454273082,20.0,
DBSCAN,2,391,0.05546099290780142,0.9445390070921986,0.3720868230588907,51.38205142315648,0.75860458121233,13.0,0.9980477549181559,False,,,euclidean,2.426824485531764,20.0,
DBSCAN,1,120,0.01702127659574468,0.9829787234042553,,,,,,False,,,euclidean,2.880592560058147,20.0,
DBSCAN,1,62,0.008794326241134751,0.9912056737588653,,,,,,False,,,euclidean,3.1672219012596416,20.0,
DBSCAN,1,25,0.0035460992907801418,0.9964539007092199,,,,,,False,,,euclidean,3.9378776156321806,20.0,
DBSCAN,1,724,0.10269503546099291,0.8973049645390071,,,,,,False,,,euclidean,2.3297882793370293,50.0,
DBSCAN,1,603,0.08553191489361703,0.914468085106383,,,,,,False,,,euclidean,2.5026104698199,50.0,
DBSCAN,1,326,0.04624113475177305,0.953758865248227,,,,,,False,,,euclidean,2.8555299071821314,50.0,
DBSCAN,1,102,0.01446808510638298,0.985531914893617,,,,,,False,,,euclidean,3.3882831874626618,50.0,
DBSCAN,1,41,0.0058156028368794325,0.9941843971631206,,,,,,False,,,euclidean,3.729252292937787,50.0,
DBSCAN,1,14,0.0019858156028368795,0.9980141843971632,,,,,,False,,,euclidean,4.720936639052129,50.0,
